racer,races
ulmaa,2535
andreja,2559
jerryho,2960
denys_147,2609
ogtong,2731
tebbu2,2653
akrish,2813
patcharapol,2594
ksydry6,2700
bruhdooh,2716
stl74,2840
avillarreal14,2593
yipyap,2848
ogtoast,2630
pocket_ace,2625
littlebighaha,2559
abetterplace,2848
passing_through,2681
kingshantha,2789
cold_hasta_manana,2663
john_acumen,2516
undg,2752
nicktrick,2614
famouspig,2680
abhib22,2762
breadbubble,2662
rykthos,2788
mrklein,2695
chient,2570
siricestonecoldwater,2921
maolson97,2520
jacksaff,2879
fx02929,2956
weihow92,2515
azhar7,2662
ingmundur,2708
cooperbowman21,2664
pond79,2509
ridicolos,2511
erokage,2782
codertypist,2822
danonymous,2934
tko42,2588
twojokers,2544
kharkongor,2860
akellomukasa,2535
kakini,2713
mancini,2562
uchiha__sasuke,2592
femonemo,2607
jarceantonio,2504
sisyphus,2605
overlast,2764
skttzwl,2781
jcdue21,2850
0932275045,2785
lakiot,2901
vacheka,2654
hazman,2763
rowanl3,2731
grayfox_,2508
bachtieudiep,2863
howardshan,2968
arjun_gamine,2903
customality,2777
qtqtq,2748
adc4392,2726
rhish,2591
lolbraumm,2880
karandsa,2530
samveland,2895
neo_neo,2922
bazar397,2718
raledude,2546
setonsgrandpa,2764
aricori21,2541
tootin,2927
samjm,2999
mo3adh,2766
soroosheh10,2549
yzzahs,2818
milang13,2928
2eazzy,2749
rastaman_1994,2602
mihir_agarwal,2789
kuraaaa,2507
jaydawar,2681
jhollister,2863
breezybuster,2678
jboom,2942
mohaabo12,2803
pissedjenny,2682
hussein987,2603
onyetwenyevwe,2616
tedge,2769
kamalm,2592
souhardya98,2946
wippidy,2716
rip21,2558
p08r,2700
